CREATE TABLE IF NOT EXISTS "django_migrations" ("id" serial NOT NULL PRIMARY KEY  , "app" varchar(255) NOT NULL, "name" varchar(255) NOT NULL, "applied" timestamp NOT NULL);
INSERT INTO django_migrations VALUES(1,'contenttypes','0001_initial','2020-08-15 13:21:22.403276');
INSERT INTO django_migrations VALUES(2,'auth','0001_initial','2020-08-15 13:21:22.464842');
INSERT INTO django_migrations VALUES(3,'admin','0001_initial','2020-08-15 13:21:22.502907');
INSERT INTO django_migrations VALUES(4,'admin','0002_logentry_remove_auto_add','2020-08-15 13:21:22.530989');
INSERT INTO django_migrations VALUES(5,'admin','0003_logentry_add_action_flag_choices','2020-08-15 13:21:22.572261');
INSERT INTO django_migrations VALUES(6,'contenttypes','0002_remove_content_type_name','2020-08-15 13:21:22.652547');
INSERT INTO django_migrations VALUES(7,'auth','0002_alter_permission_name_max_length','2020-08-15 13:21:22.686862');
INSERT INTO django_migrations VALUES(8,'auth','0003_alter_user_email_max_length','2020-08-15 13:21:22.720965');
INSERT INTO django_migrations VALUES(9,'auth','0004_alter_user_username_opts','2020-08-15 13:21:22.752390');
INSERT INTO django_migrations VALUES(10,'auth','0005_alter_user_last_login_null','2020-08-15 13:21:22.790716');
INSERT INTO django_migrations VALUES(11,'auth','0006_require_contenttypes_0002','2020-08-15 13:21:22.795829');
INSERT INTO django_migrations VALUES(12,'auth','0007_alter_validators_add_error_messages','2020-08-15 13:21:22.821626');
INSERT INTO django_migrations VALUES(13,'auth','0008_alter_user_username_max_length','2020-08-15 13:21:22.857669');
INSERT INTO django_migrations VALUES(14,'auth','0009_alter_user_last_name_max_length','2020-08-15 13:21:22.903248');
INSERT INTO django_migrations VALUES(15,'auth','0010_alter_group_name_max_length','2020-08-15 13:21:22.938886');
INSERT INTO django_migrations VALUES(16,'auth','0011_update_proxy_permissions','2020-08-15 13:21:22.961009');
INSERT INTO django_migrations VALUES(17,'auth','0012_alter_user_first_name_max_length','2020-08-15 13:21:22.999841');
INSERT INTO django_migrations VALUES(18,'sessions','0001_initial','2020-08-15 13:21:23.010686');
INSERT INTO django_migrations VALUES(19,'account','0001_initial','2020-08-15 18:11:11.410207');
INSERT INTO django_migrations VALUES(20,'account','0002_email_max_length','2020-08-15 18:11:11.564537');
INSERT INTO django_migrations VALUES(21,'sites','0001_initial','2020-08-15 18:11:11.578530');
INSERT INTO django_migrations VALUES(22,'sites','0002_alter_domain_unique','2020-08-15 18:11:11.605476');
INSERT INTO django_migrations VALUES(23,'socialaccount','0001_initial','2020-08-15 18:11:11.762883');
INSERT INTO django_migrations VALUES(24,'socialaccount','0002_token_max_lengths','2020-08-15 18:11:11.849398');
INSERT INTO django_migrations VALUES(25,'socialaccount','0003_extra_data_default_dict','2020-08-15 18:11:11.905660');
INSERT INTO django_migrations VALUES(26,'products','0001_initial','2020-08-16 16:14:34.932425');
INSERT INTO django_migrations VALUES(27,'products','0002_auto_20200816_1723','2020-08-16 17:23:46.832445');
INSERT INTO django_migrations VALUES(28,'products','0003_product_has_sizes','2020-08-17 10:01:07.046882');
INSERT INTO django_migrations VALUES(29,'checkout','0001_initial','2020-08-24 21:45:00.963486');
INSERT INTO django_migrations VALUES(30,'checkout','0002_auto_20200927_2138','2020-09-27 21:38:29.710805');
INSERT INTO django_migrations VALUES(31,'checkout','0003_auto_20200929_1942','2020-09-29 19:42:19.520782');
INSERT INTO django_migrations VALUES(32,'profiles','0001_initial','2020-09-29 21:00:35.989713');
INSERT INTO django_migrations VALUES(33,'checkout','0004_order_user_profile','2020-09-29 21:00:36.021922');
CREATE TABLE IF NOT EXISTS "auth_group_permissions" ("id" serial  NOT NULL PRIMARY KEY  , "group_id" serial  NOT NULL REFERENCES "auth_group" ("id") , "permission_id" serial  NOT NULL REFERENCES "auth_permission" ("id") );
CREATE TABLE IF NOT EXISTS "auth_user_groups" ("id" serial  NOT NULL PRIMARY KEY  , "user_id" serial  NOT NULL REFERENCES "auth_user" ("id") , "group_id" serial  NOT NULL REFERENCES "auth_group" ("id") );
CREATE TABLE IF NOT EXISTS "auth_user_user_permissions" ("id" serial  NOT NULL PRIMARY KEY  , "user_id" serial  NOT NULL REFERENCES "auth_user" ("id") , "permission_id" serial  NOT NULL REFERENCES "auth_permission" ("id") );
CREATE TABLE IF NOT EXISTS "django_admin_log" ("id" serial  NOT NULL PRIMARY KEY  , "action_time" timestamp NOT NULL, "object_id" text NULL, "object_repr" varchar(200) NOT NULL, "change_message" text NOT NULL, "content_type_id" serial NOT NULL REFERENCES "django_content_type" ("id") , "user_id" serial  NOT NULL REFERENCES "auth_user" ("id") , "action_flag" smallint  NOT NULL CHECK ("action_flag" >= 0));
INSERT INTO django_admin_log VALUES(1,'2020-08-15 18:13:16.736930','1','meadowsofsthlm.example.com','[{"changed": {"fields": ["Domain name", "Display name"]}}]',7,1,2);
INSERT INTO django_admin_log VALUES(2,'2020-08-15 18:13:42.307286','1','meadowsofsthlm.example.com','[{"changed": {"fields": ["Display name"]}}]',7,1,2);
INSERT INTO django_admin_log VALUES(3,'2020-08-15 18:18:37.146047','1','sabine@21.lv','[{"added": {}}]',8,1,1);
INSERT INTO django_admin_log VALUES(4,'2020-08-16 20:55:31.601656','2','ertert','[{"added": {}}]',14,1,1);
INSERT INTO django_admin_log VALUES(5,'2020-08-16 20:57:00.407229','2','ertert','[{"changed": {"fields": ["Image", "Image2"]}}]',14,1,2);
INSERT INTO django_admin_log VALUES(6,'2020-08-16 20:57:46.997569','2','ertert','[{"changed": {"fields": ["Image2"]}}]',14,1,2);
INSERT INTO django_admin_log VALUES(7,'2020-08-16 20:58:48.204350','2','ertert','[{"changed": {"fields": ["Image url"]}}]',14,1,2);
INSERT INTO django_admin_log VALUES(8,'2020-08-16 20:59:10.469516','2','ertert','[{"changed": {"fields": ["Image2"]}}]',14,1,2);
INSERT INTO django_admin_log VALUES(9,'2020-08-16 20:59:52.379325','2','ertert','[{"changed": {"fields": ["Image2"]}}]',14,1,2);
INSERT INTO django_admin_log VALUES(10,'2020-08-16 21:02:28.647788','2','ertert','[{"changed": {"fields": ["Image url", "Image url2"]}}]',14,1,2);
INSERT INTO django_admin_log VALUES(11,'2020-08-16 21:12:01.817056','2','ertert','[{"changed": {"fields": ["Image2"]}}]',14,1,2);
INSERT INTO django_admin_log VALUES(12,'2020-08-16 21:12:35.700980','2','ertert','[{"changed": {"fields": ["Image url"]}}]',14,1,2);
INSERT INTO django_admin_log VALUES(13,'2020-08-16 21:13:26.595352','2','ertert','[{"changed": {"fields": ["Image2"]}}]',14,1,2);
INSERT INTO django_admin_log VALUES(14,'2020-08-16 21:13:56.863777','2','ertert','[{"changed": {"fields": ["Image url", "Image url2", "Image2"]}}]',14,1,2);
INSERT INTO django_admin_log VALUES(15,'2020-08-17 10:05:39.212075','1','Chunky Gold Hoops','[{"changed": {"fields": ["Has sizes"]}}]',14,1,2);
CREATE TABLE IF NOT EXISTS "django_content_type" ("id" serial  NOT NULL PRIMARY KEY  , "app_label" varchar(100) NOT NULL, "model" varchar(100) NOT NULL);
INSERT INTO django_content_type VALUES(1,'admin','logentry');
INSERT INTO django_content_type VALUES(2,'auth','permission');
INSERT INTO django_content_type VALUES(3,'auth','group');
INSERT INTO django_content_type VALUES(4,'auth','user');
INSERT INTO django_content_type VALUES(5,'contenttypes','contenttype');
INSERT INTO django_content_type VALUES(6,'sessions','session');
INSERT INTO django_content_type VALUES(7,'sites','site');
INSERT INTO django_content_type VALUES(8,'account','emailaddress');
INSERT INTO django_content_type VALUES(9,'account','emailconfirmation');
INSERT INTO django_content_type VALUES(10,'socialaccount','socialaccount');
INSERT INTO django_content_type VALUES(11,'socialaccount','socialapp');
INSERT INTO django_content_type VALUES(12,'socialaccount','socialtoken');
INSERT INTO django_content_type VALUES(13,'products','category');
INSERT INTO django_content_type VALUES(14,'products','product');
INSERT INTO django_content_type VALUES(15,'checkout','orderlineitem');
INSERT INTO django_content_type VALUES(16,'checkout','order');
INSERT INTO django_content_type VALUES(17,'profiles','userprofile');
CREATE TABLE IF NOT EXISTS "auth_permission" ("id" serial  NOT NULL PRIMARY KEY  , "content_type_id" serial  NOT NULL REFERENCES "django_content_type" ("id") , "codename" varchar(100) NOT NULL, "name" varchar(255) NOT NULL);
INSERT INTO auth_permission VALUES(1,1,'add_logentry','Can add log entry');
INSERT INTO auth_permission VALUES(2,1,'change_logentry','Can change log entry');
INSERT INTO auth_permission VALUES(3,1,'delete_logentry','Can delete log entry');
INSERT INTO auth_permission VALUES(4,1,'view_logentry','Can view log entry');
INSERT INTO auth_permission VALUES(5,2,'add_permission','Can add permission');
INSERT INTO auth_permission VALUES(6,2,'change_permission','Can change permission');
INSERT INTO auth_permission VALUES(7,2,'delete_permission','Can delete permission');
INSERT INTO auth_permission VALUES(8,2,'view_permission','Can view permission');
INSERT INTO auth_permission VALUES(9,3,'add_group','Can add group');
INSERT INTO auth_permission VALUES(10,3,'change_group','Can change group');
INSERT INTO auth_permission VALUES(11,3,'delete_group','Can delete group');
INSERT INTO auth_permission VALUES(12,3,'view_group','Can view group');
INSERT INTO auth_permission VALUES(13,4,'add_user','Can add user');
INSERT INTO auth_permission VALUES(14,4,'change_user','Can change user');
INSERT INTO auth_permission VALUES(15,4,'delete_user','Can delete user');
INSERT INTO auth_permission VALUES(16,4,'view_user','Can view user');
INSERT INTO auth_permission VALUES(17,5,'add_contenttype','Can add content type');
INSERT INTO auth_permission VALUES(18,5,'change_contenttype','Can change content type');
INSERT INTO auth_permission VALUES(19,5,'delete_contenttype','Can delete content type');
INSERT INTO auth_permission VALUES(20,5,'view_contenttype','Can view content type');
INSERT INTO auth_permission VALUES(21,6,'add_session','Can add session');
INSERT INTO auth_permission VALUES(22,6,'change_session','Can change session');
INSERT INTO auth_permission VALUES(23,6,'delete_session','Can delete session');
INSERT INTO auth_permission VALUES(24,6,'view_session','Can view session');
INSERT INTO auth_permission VALUES(25,7,'add_site','Can add site');
INSERT INTO auth_permission VALUES(26,7,'change_site','Can change site');
INSERT INTO auth_permission VALUES(27,7,'delete_site','Can delete site');
INSERT INTO auth_permission VALUES(28,7,'view_site','Can view site');
INSERT INTO auth_permission VALUES(29,8,'add_emailaddress','Can add email address');
INSERT INTO auth_permission VALUES(30,8,'change_emailaddress','Can change email address');
INSERT INTO auth_permission VALUES(31,8,'delete_emailaddress','Can delete email address');
INSERT INTO auth_permission VALUES(32,8,'view_emailaddress','Can view email address');
INSERT INTO auth_permission VALUES(33,9,'add_emailconfirmation','Can add email confirmation');
INSERT INTO auth_permission VALUES(34,9,'change_emailconfirmation','Can change email confirmation');
INSERT INTO auth_permission VALUES(35,9,'delete_emailconfirmation','Can delete email confirmation');
INSERT INTO auth_permission VALUES(36,9,'view_emailconfirmation','Can view email confirmation');
INSERT INTO auth_permission VALUES(37,10,'add_socialaccount','Can add social account');
INSERT INTO auth_permission VALUES(38,10,'change_socialaccount','Can change social account');
INSERT INTO auth_permission VALUES(39,10,'delete_socialaccount','Can delete social account');
INSERT INTO auth_permission VALUES(40,10,'view_socialaccount','Can view social account');
INSERT INTO auth_permission VALUES(41,11,'add_socialapp','Can add social application');
INSERT INTO auth_permission VALUES(42,11,'change_socialapp','Can change social application');
INSERT INTO auth_permission VALUES(43,11,'delete_socialapp','Can delete social application');
INSERT INTO auth_permission VALUES(44,11,'view_socialapp','Can view social application');
INSERT INTO auth_permission VALUES(45,12,'add_socialtoken','Can add social application token');
INSERT INTO auth_permission VALUES(46,12,'change_socialtoken','Can change social application token');
INSERT INTO auth_permission VALUES(47,12,'delete_socialtoken','Can delete social application token');
INSERT INTO auth_permission VALUES(48,12,'view_socialtoken','Can view social application token');
INSERT INTO auth_permission VALUES(49,13,'add_category','Can add category');
INSERT INTO auth_permission VALUES(50,13,'change_category','Can change category');
INSERT INTO auth_permission VALUES(51,13,'delete_category','Can delete category');
INSERT INTO auth_permission VALUES(52,13,'view_category','Can view category');
INSERT INTO auth_permission VALUES(53,14,'add_product','Can add product');
INSERT INTO auth_permission VALUES(54,14,'change_product','Can change product');
INSERT INTO auth_permission VALUES(55,14,'delete_product','Can delete product');
INSERT INTO auth_permission VALUES(56,14,'view_product','Can view product');
INSERT INTO auth_permission VALUES(57,15,'add_orderlineitem','Can add order line item');
INSERT INTO auth_permission VALUES(58,15,'change_orderlineitem','Can change order line item');
INSERT INTO auth_permission VALUES(59,15,'delete_orderlineitem','Can delete order line item');
INSERT INTO auth_permission VALUES(60,15,'view_orderlineitem','Can view order line item');
INSERT INTO auth_permission VALUES(61,16,'add_order','Can add order');
INSERT INTO auth_permission VALUES(62,16,'change_order','Can change order');
INSERT INTO auth_permission VALUES(63,16,'delete_order','Can delete order');
INSERT INTO auth_permission VALUES(64,16,'view_order','Can view order');
INSERT INTO auth_permission VALUES(65,17,'add_userprofile','Can add user profile');
INSERT INTO auth_permission VALUES(66,17,'change_userprofile','Can change user profile');
INSERT INTO auth_permission VALUES(67,17,'delete_userprofile','Can delete user profile');
INSERT INTO auth_permission VALUES(68,17,'view_userprofile','Can view user profile');
CREATE TABLE IF NOT EXISTS "auth_group" ("id" serial  NOT NULL PRIMARY KEY  , "name" varchar(150) NOT NULL UNIQUE);
CREATE TABLE IF NOT EXISTS "auth_user" ("id" serial  NOT NULL PRIMARY KEY  , "password" varchar(128) NOT NULL, "last_login" timestamp NULL, "is_superuser" bool NOT NULL, "username" varchar(150) NOT NULL UNIQUE, "last_name" varchar(150) NOT NULL, "email" varchar(254) NOT NULL, "is_staff" bool NOT NULL, "is_active" bool NOT NULL, "date_joined" timestamp NOT NULL, "first_name" varchar(150) NOT NULL);
INSERT INTO auth_user VALUES(1,'pbkdf2_sha256$216000$yXtknpVGB3aG$y3yPYyoC+7IWIMyX+UUaaSGoOrQoLPlSNsSFVYv9RS0=','2020-10-01 21:45:26.845931',1::boolean,'sabine','','sabine@21.lv',1::boolean,1,'2020-08-15 13:21:45.922863','');
INSERT INTO auth_user VALUES(2,'pbkdf2_sha256$216000$mW5M8URsa1w5$fZpR93IL7z151UjP5BK/JlmrS05Ju7Knr2mxxqMvhpw=','2020-09-30 20:27:29.181111',0::boolean,'sabsab','','smadinem@gmail.com',0::boolean,1,'2020-09-30 20:27:07.313442','');
CREATE TABLE IF NOT EXISTS "django_session" ("session_key" varchar(40) NOT NULL PRIMARY KEY, "session_data" text NOT NULL, "expire_date" timestamp NOT NULL);
INSERT INTO django_session VALUES('seqbkp0akmoim7jnugeh1cmf8xks14xx','.eJxVjkEOgyAURO_C2hAoqMCy-56BfD4fpW20EU3aGO9eTVy0y5l5M5mVeVjm3i-FJp8jc0yy6tcLgA8ajiDeYehGjuMwTznwA-FnWvhtjPS8nuzfQA-l39sBUcSE0kar6mRAoTVokwCwor6Q1ikZ0bSgFSIp0WKwppEmpUgUUMMxWqiUPA6e3q88fZgTFQvQMbfup53a1YU5uW1fSmdFVw:1k7bkv:C4NEVdLKkT4m8dLwkJVwl1YvASS1y0fchsuoV-r_7V8','2020-08-31 09:48:41.159966');
INSERT INTO django_session VALUES('3y00ye6mr0zocowwfnc9xwkpcjeju2jy','eyJiYWciOnsiMSI6MiwiMiI6MX19:1k7lFd:7oGJnSzs08ZH-7-gbuRbyJLxMV9dZPG6J2_Ss0GZVeY','2020-08-31 19:57:01.995817');
INSERT INTO django_session VALUES('aujrzp7tyrgpajq4s5hbsq8i6ysm632q','eyJiYWciOnsiMSI6MiwiMiI6MX19:1k7lGO:txOmNy3yOI5piFPXllthyG1WKOxA5ISiUbl5CT44tCs','2020-08-31 19:57:48.646547');
INSERT INTO django_session VALUES('qh909j8dx8ndqssd7pamvq15r5jn75ze','eyJiYWciOnsiMiI6OSwiMSI6OH19:1kAVqv:HFjADgBUenMS96qkzW0Rb5oGZ-0MnFkykBBF95YoXBY','2020-09-08 10:06:53.337409');
INSERT INTO django_session VALUES('71ug0qk1vvn1e0zx1xfbk4cmxkdlc0pj','eyJfcGFzc3dvcmRfcmVzZXRfa2V5IjoiYWIxNG9xLWRkZGYyODQyYzJlMDE3YTU1MDc0NTBlYTdlOTQzOTUwIn0:1kNif2:PtNyf59c8_JddCkg8yqVvLRoo_B_07TouENwd7YC7ng','2020-10-14 20:25:12.269944');
INSERT INTO django_session VALUES('4dco9n62cdqzhq46x4duvlw3i5gj2hp8','eyJhY2NvdW50X3ZlcmlmaWVkX2VtYWlsIjpudWxsLCJhY2NvdW50X3VzZXIiOiIyIn0:1kNigt:_u0NWsuU2lBvcnCVZr5CxtcDU6vpoxSYovamTOYbln8','2020-10-14 20:27:07.503110');
INSERT INTO django_session VALUES('on9lrhei8xspuvj9psp85nrznup1z315','.eJxVjMsOwiAQRf-FtSHQ4VFcuvcbyMBMpWogKe3K-O_apAvd3nPOfYmI21ri1nmJM4mz0OL0uyXMD647oDvWW5O51XWZk9wVedAur434eTncv4OCvXxrkwm0QzbJaZ0mTyMk9oSBYVI6K2sD2GFIaBnQBeeDsmZUJnBw5ADF-wPoUzd3:1kO6N0:cD88AcbAUqBZvde_PieznBiIL53oQowc4t5zDNR5UIE','2020-10-15 21:44:10.785314');
INSERT INTO django_session VALUES('x1nuhk4e4vfbxjxouqlwvj7opyj9egmq','.eJxVjMsOwiAQRf-FtSFQHi1duvcbyMBMLWrAQJtojP-uTbrQ7T3nnhfzsC6zXxtVn5CNTLLD7xYgXilvAC-Qz4XHkpeaAt8UvtPGTwXpdtzdv8AMbf6-dUQlLZAOVsow9TioQD2CIzUJGYUxTpmuC2BIgXW2d8LoQWhHzqJVsEUbtZZK9vS4p_pko3h_AIf1PrQ:1kO6ou:HltpNV_QZOwUZjkxBLHe1153vRlisrNX2p234V-YcmQ','2020-10-15 22:13:00.375643');
CREATE TABLE IF NOT EXISTS "account_emailconfirmation" ("id" serial  NOT NULL PRIMARY KEY  , "created" timestamp NOT NULL, "sent" timestamp NULL, "key" varchar(64) NOT NULL UNIQUE, "email_address_id" serial  NOT NULL REFERENCES "account_emailaddress" ("id") );
CREATE TABLE IF NOT EXISTS "account_emailaddress" ("id" serial  NOT NULL PRIMARY KEY  , "verified" bool NOT NULL, "primary" bool NOT NULL, "user_id" serial  NOT NULL REFERENCES "auth_user" ("id") , "email" varchar(254) NOT NULL UNIQUE);
INSERT INTO account_emailaddress VALUES(1,1,1,1,'sabine@21.lv');
INSERT INTO account_emailaddress VALUES(2,1,1,2,'smadinem@gmail.com');
CREATE TABLE IF NOT EXISTS "django_site" ("id" serial  NOT NULL PRIMARY KEY  , "name" varchar(50) NOT NULL, "domain" varchar(100) NOT NULL UNIQUE);
INSERT INTO django_site VALUES(1,'Meadows Of Sthlm','meadowsofsthlm.example.com');
CREATE TABLE IF NOT EXISTS "socialaccount_socialapp_sites" ("id" serial  NOT NULL PRIMARY KEY  , "socialapp_id" serial  NOT NULL REFERENCES "socialaccount_socialapp" ("id") , "site_id" serial  NOT NULL REFERENCES "django_site" ("id") );
CREATE TABLE IF NOT EXISTS "socialaccount_socialtoken" ("id" serial  NOT NULL PRIMARY KEY  , "token" text NOT NULL, "token_secret" text NOT NULL, "expires_at" timestamp NULL, "account_id" serial  NOT NULL REFERENCES "socialaccount_socialaccount" ("id") , "app_id" serial  NOT NULL REFERENCES "socialaccount_socialapp" ("id") );
CREATE TABLE IF NOT EXISTS "socialaccount_socialapp" ("id" serial  NOT NULL PRIMARY KEY  , "provider" varchar(30) NOT NULL, "name" varchar(40) NOT NULL, "client_id" varchar(191) NOT NULL, "key" varchar(191) NOT NULL, "secret" varchar(191) NOT NULL);
CREATE TABLE IF NOT EXISTS "socialaccount_socialaccount" ("id" serial  NOT NULL PRIMARY KEY  , "provider" varchar(30) NOT NULL, "uid" varchar(191) NOT NULL, "last_login" timestamp NOT NULL, "date_joined" timestamp NOT NULL, "user_id" serial  NOT NULL REFERENCES "auth_user" ("id") , "extra_data" text NOT NULL);
CREATE TABLE IF NOT EXISTS "products_category" ("id" serial  NOT NULL PRIMARY KEY  , "name" varchar(254) NOT NULL, "friendly_name" varchar(254) NULL);
INSERT INTO products_category VALUES(1,'earrings','Earrings');
INSERT INTO products_category VALUES(2,'necklaces','Necklaces');
INSERT INTO products_category VALUES(3,'rings','Rings');
INSERT INTO products_category VALUES(4,'bracelets','Bracelets');
INSERT INTO products_category VALUES(5,'collections','Collections');
INSERT INTO products_category VALUES(6,'sale','Sale');
INSERT INTO products_category VALUES(7,'other','Other');
CREATE TABLE IF NOT EXISTS "products_product" ("id" serial  NOT NULL PRIMARY KEY  , "sku" varchar(254) NULL, "name" varchar(254) NOT NULL, "description" text NOT NULL, "price" decimal NOT NULL, "dimensions" varchar(254) NULL, "size" varchar(254) NULL, "rating" decimal NULL, "image_url" varchar(1024) NULL, "image" varchar(100) NULL, "category_id" serial  NULL REFERENCES "products_category" ("id") , "image2" varchar(100) NULL, "image3" varchar(100) NULL, "image_url2" varchar(1024) NULL, "image_url3" varchar(1024) NULL, "has_sizes" bool NULL);
INSERT INTO products_product VALUES(1,'pp5001340155','Chunky Gold Hoops','Gold toned chunky hoop earrings with a semi open finish. Friction backing.',53.990000000000001991,'53x30 mm','onesize',4.5999999999999996447,'https://i.s-madewell.com/is/image/madewell/K0263_ED0747_ld?wid=500&hei=635&fmt=jpeg&fit=crop&qlt=75,1&resMode=bisharp&op_usm=0.5,1,5,0','hoops.jpg',1,'hoops2.jpg','hoops3.jpg','https://i.s-madewell.com/is/image/madewell/K0263_ED0747_d4?wid=1080&hei=1372&fmt=jpeg&fit=crop&qlt=75,1&resMode=bisharp&op_usm=0.5,1,5,0','https://i.s-madewell.com/is/image/madewell/K0263_ED0747_d6?wid=1080&hei=1372&fmt=jpeg&fit=crop&qlt=75,1&resMode=bisharp&op_usm=0.5,1,5,0',1);
INSERT INTO products_product VALUES(2,'ertertertertert','ertert','ertertert',34.320000000000000285,'2342','234',3,'https://res.cloudinary.com/www-madine-se/image/upload/v1597611731/meadowofsthlm/Gaias-Grace-studs-gold_cgk14x.jpg','Gaias-Grace-studs-gold.jpg',2,'two_e6CRXXz.jpg','','https://res.cloudinary.com/www-madine-se/image/upload/v1597612337/meadowofsthlm/two_t5md7p.jpg',NULL,0);
CREATE TABLE IF NOT EXISTS "checkout_orderlineitem" ("id" serial  NOT NULL PRIMARY KEY  , "product_size" varchar(2) NULL, "quantity" serial  NOT NULL, "lineitem_total" decimal NOT NULL, "order_id" serial  NOT NULL REFERENCES "checkout_order" ("id") , "product_id" serial  NOT NULL REFERENCES "products_product" ("id") );
INSERT INTO checkout_orderlineitem VALUES(1,NULL,1,53.990000000000001991,1,1);
INSERT INTO checkout_orderlineitem VALUES(2,NULL,2,107.98000000000000397,2,1);
INSERT INTO checkout_orderlineitem VALUES(3,NULL,1,53.990000000000001991,3,1);
INSERT INTO checkout_orderlineitem VALUES(4,NULL,1,53.990000000000001991,4,1);
INSERT INTO checkout_orderlineitem VALUES(5,NULL,1,34.320000000000000285,4,2);
INSERT INTO checkout_orderlineitem VALUES(6,NULL,1,34.320000000000000285,5,2);
INSERT INTO checkout_orderlineitem VALUES(7,NULL,2,107.98000000000000397,6,1);
CREATE TABLE IF NOT EXISTS "profiles_userprofile" ("id" serial  NOT NULL PRIMARY KEY  , "default_phone_number" varchar(20) NULL, "default_country" varchar(2) NULL, "default_postcode" varchar(20) NULL, "default_town_or_city" varchar(40) NULL, "default_street_address1" varchar(80) NULL, "default_street_address2" varchar(80) NULL, "default_county" varchar(80) NULL, "user_id" serial  NOT NULL UNIQUE REFERENCES "auth_user" ("id") );
INSERT INTO profiles_userprofile VALUES(1,NULL,NULL,NULL,NULL,NULL,NULL,NULL,1);
INSERT INTO profiles_userprofile VALUES(2,NULL,NULL,NULL,NULL,NULL,NULL,NULL,2);
CREATE TABLE IF NOT EXISTS "checkout_order" ("id" serial  NOT NULL PRIMARY KEY  , "order_number" varchar(32) NOT NULL, "full_name" varchar(50) NOT NULL, "email" varchar(254) NOT NULL, "phone_number" varchar(20) NOT NULL, "country" varchar(2) NOT NULL, "postcode" varchar(20) NULL, "town_or_city" varchar(40) NOT NULL, "street_address1" varchar(80) NOT NULL, "street_address2" varchar(80) NULL, "county" varchar(80) NULL, "date" timestamp NOT NULL, "delivery_cost" decimal NOT NULL, "order_total" decimal NOT NULL, "grand_total" decimal NOT NULL, "original_bag" text NOT NULL, "stripe_pid" varchar(254) NOT NULL, "user_profile_id" serial  NULL REFERENCES "profiles_userprofile" ("id") );
INSERT INTO checkout_order VALUES(1,'8E7D0064A1AC47FDBE02516D6E720ABC','werwerw','werwer@sefrrwewer.lv','werwerw','werwerwe','werwer','wrewer','werwer',NULL,'werwerwe','2020-09-20 21:43:51.887357',0,0,0,'','',NULL);
INSERT INTO checkout_order VALUES(2,'573188B1A49C4B4098B89E34913E3279','asssd','ddd@jsdjfsdj.io','sfs','sdfsdf','sd','sdfdsdf','sdfsdsd','sdfsdffds','sdfsdff','2020-09-26 18:41:20.799346',0,107.98000000000000397,107.98000000000000397,'','',NULL);
INSERT INTO checkout_order VALUES(3,'B14CEE40BF654A0285799A9286298EC3','rtwert','sdfsdfa@qwewq.lv','ewrtwert','wertewrt','ewrtwer','werwter','wertwert','wertwer','twertwert','2020-09-27 20:16:38.138539',0,53.990000000000001991,53.990000000000001991,'','',NULL);
INSERT INTO checkout_order VALUES(4,'6834CDC1E22E4742812A5EF7B6E0F237','werwer','345345@dfgdf.lb','werwerw','werwerwe','werrew','wwrre','werwer','werwer','werwer','2020-09-27 21:46:00.620058',0,88.310000000000002272,88.310000000000002272,'{"1": 1, "2": 1}','pi_1HW7geHs8Nmiy0aZjaewzhcx',NULL);
INSERT INTO checkout_order VALUES(5,'2793AC6CF12E4F89AD10194E74B6DF88','werwerw','test@test.com','ewrwer','werwr','werwe','werwre','werw','werrwe','werwerer','2020-09-27 21:50:34.915664',0,34.320000000000000285,34.320000000000000285,'{"2": 1}','pi_1HW7l3Hs8Nmiy0aZXZt8jljK',NULL);
INSERT INTO checkout_order VALUES(6,'8D3A03D1B1D44B96816022F38956008C','werwer','werwer@sefrrwewer.lv','werww','erwerw','ewerwer','werwer','werwer','rwerw','wrwe','2020-09-28 16:01:28.952101',0,107.98000000000000397,107.98000000000000397,'{"1": 2}','pi_1HWOmSHs8Nmiy0aZag2UDlXY',NULL);
DELETE FROM sqlite_sequence;
INSERT INTO sqlite_sequence VALUES('django_migrations',33);
INSERT INTO sqlite_sequence VALUES('django_admin_log',15);
INSERT INTO sqlite_sequence VALUES('django_content_type',17);
INSERT INTO sqlite_sequence VALUES('auth_permission',68);
INSERT INTO sqlite_sequence VALUES('auth_group',0);
INSERT INTO sqlite_sequence VALUES('auth_user',2);
INSERT INTO sqlite_sequence VALUES('account_emailaddress',2);
INSERT INTO sqlite_sequence VALUES('django_site',1);
INSERT INTO sqlite_sequence VALUES('socialaccount_socialapp',0);
INSERT INTO sqlite_sequence VALUES('socialaccount_socialaccount',0);
INSERT INTO sqlite_sequence VALUES('products_category',7);
INSERT INTO sqlite_sequence VALUES('products_product',3);
INSERT INTO sqlite_sequence VALUES('checkout_orderlineitem',7);
INSERT INTO sqlite_sequence VALUES('checkout_order',6);
INSERT INTO sqlite_sequence VALUES('profiles_userprofile',2);
CREATE UNIQUE INDEX "auth_group_permissions_group_id_permission_id_0cd325b0_uniq" ON "auth_group_permissions" ("group_id", "permission_id");
CREATE INDEX "auth_group_permissions_group_id_b120cbf9" ON "auth_group_permissions" ("group_id");
CREATE INDEX "auth_group_permissions_permission_id_84c5c92e" ON "auth_group_permissions" ("permission_id");
CREATE UNIQUE INDEX "auth_user_groups_user_id_group_id_94350c0c_uniq" ON "auth_user_groups" ("user_id", "group_id");
CREATE INDEX "auth_user_groups_user_id_6a12ed8b" ON "auth_user_groups" ("user_id");
CREATE INDEX "auth_user_groups_group_id_97559544" ON "auth_user_groups" ("group_id");
CREATE UNIQUE INDEX "auth_user_user_permissions_user_id_permission_id_14a6b632_uniq" ON "auth_user_user_permissions" ("user_id", "permission_id");
CREATE INDEX "auth_user_user_permissions_user_id_a95ead1b" ON "auth_user_user_permissions" ("user_id");
CREATE INDEX "auth_user_user_permissions_permission_id_1fbb5f2c" ON "auth_user_user_permissions" ("permission_id");
CREATE INDEX "django_admin_log_content_type_id_c4bce8eb" ON "django_admin_log" ("content_type_id");
CREATE INDEX "django_admin_log_user_id_c564eba6" ON "django_admin_log" ("user_id");
CREATE UNIQUE INDEX "django_content_type_app_label_model_76bd3d3b_uniq" ON "django_content_type" ("app_label", "model");
CREATE UNIQUE INDEX "auth_permission_content_type_id_codename_01ab375a_uniq" ON "auth_permission" ("content_type_id", "codename");
CREATE INDEX "auth_permission_content_type_id_2f476e4b" ON "auth_permission" ("content_type_id");
CREATE INDEX "django_session_expire_date_a5c62663" ON "django_session" ("expire_date");
CREATE INDEX "account_emailconfirmation_email_address_id_5b7f8c58" ON "account_emailconfirmation" ("email_address_id");
CREATE INDEX "account_emailaddress_user_id_2c513194" ON "account_emailaddress" ("user_id");
CREATE UNIQUE INDEX "socialaccount_socialtoken_app_id_account_id_fca4e0ac_uniq" ON "socialaccount_socialtoken" ("app_id", "account_id");
CREATE UNIQUE INDEX "socialaccount_socialapp_sites_socialapp_id_site_id_71a9a768_uniq" ON "socialaccount_socialapp_sites" ("socialapp_id", "site_id");
CREATE INDEX "socialaccount_socialapp_sites_socialapp_id_97fb6e7d" ON "socialaccount_socialapp_sites" ("socialapp_id");
CREATE INDEX "socialaccount_socialapp_sites_site_id_2579dee5" ON "socialaccount_socialapp_sites" ("site_id");
CREATE INDEX "socialaccount_socialtoken_account_id_951f210e" ON "socialaccount_socialtoken" ("account_id");
CREATE INDEX "socialaccount_socialtoken_app_id_636a42d7" ON "socialaccount_socialtoken" ("app_id");
CREATE UNIQUE INDEX "socialaccount_socialaccount_provider_uid_fc810c6e_uniq" ON "socialaccount_socialaccount" ("provider", "uid");
CREATE INDEX "socialaccount_socialaccount_user_id_8146e70c" ON "socialaccount_socialaccount" ("user_id");
CREATE INDEX "products_product_category_id_9b594869" ON "products_product" ("category_id");
CREATE INDEX "checkout_orderlineitem_order_id_b4cfbe6b" ON "checkout_orderlineitem" ("order_id");
CREATE INDEX "checkout_orderlineitem_product_id_739c699d" ON "checkout_orderlineitem" ("product_id");
CREATE INDEX "checkout_order_user_profile_id_949184a7" ON "checkout_order" ("user_profile_id");
COMMIT;
